city,state,lat,lon,cbsa_code,latte_price,observation_count,price_channel,source_label,source_url,notes
Seattle,WA,47.6062,-122.3321,42660,5.55,2,delivery_menu,Grubhub search snippets,"https://www.grubhub.com/restaurant/starbucks-1524-7th-ave-seattle/12326640; https://www.grubhub.com/restaurant/starbucks-999-nw-leary-wy-seattle/14442456","Two Seattle delivery-menu snippets showed Caffè Latte at $5.65+ and $5.45+; averaged."
Los Angeles,CA,34.0522,-118.2437,31080,5.75,2,delivery_menu,Grubhub search snippets,"https://www.grubhub.com/restaurant/starbucks-5166-a-lankershim-blvd-los-angeles/11146720; https://www.grubhub.com/restaurant/starbucks-11331-camarillo-st-los-angeles/11124984","Two LA delivery-menu snippets showed Caffè Latte at $5.75+."
San Diego,CA,32.7157,-117.1611,41740,5.75,2,delivery_menu,Grubhub search snippets,"https://www.grubhub.com/restaurant/starbucks-3881-valley-centre-dr-san-diego/11493400; https://www.grubhub.com/restaurant/starbucks-4262-camino-del-rio-n-san-diego/12339864","Two San Diego delivery-menu snippets showed Caffè Latte at $5.75+."
San Francisco,CA,37.7749,-122.4194,41860,5.75,1,delivery_menu,Grubhub search snippet,https://www.grubhub.com/restaurant/starbucks-1-letterman-dr-san-francisco/11447568,"San Francisco delivery-menu snippet showed Caffè Latte at $5.75+."
Austin,TX,30.2672,-97.7431,12420,5.45,1,delivery_menu,Grubhub search snippet,https://www.grubhub.com/restaurant/starbucks-7710-n-fm-620-austin/8309096,"Austin delivery-menu snippet showed Caffè Latte at $5.45+."
Houston,TX,29.7604,-95.3698,26420,5.65,1,delivery_menu,Grubhub search snippet,https://www.grubhub.com/restaurant/starbucks-11700-westheimer-rd-houston/8307592,"Houston delivery-menu snippet showed Caffè Latte at $5.65+."
Dallas,TX,32.7767,-96.7970,19100,5.45,1,delivery_menu,Grubhub search snippet,https://www.grubhub.com/restaurant/starbucks-12262-inwood-rd-dallas/11146472,"Dallas delivery-menu snippet showed Caffè Latte at $5.45+."
Boston,MA,42.3601,-71.0589,14460,5.45,1,delivery_menu,Grubhub search snippet,https://www.grubhub.com/restaurant/starbucks-84-state-st-boston/12316416,"Boston delivery-menu snippet showed Caffè Latte at $5.45+."
New York,NY,40.7128,-74.0060,35620,6.19,1,delivery_menu,Grubhub search snippet,https://www.grubhub.com/restaurant/starbucks-3000-jerome-ave-bronx/13860560,"Bronx/New York delivery-menu snippet showed Caffè Latte at $6.19+."
Philadelphia,PA,39.9526,-75.1652,37980,5.63,3,delivery_menu,Grubhub search snippets,"https://www.grubhub.com/restaurant/starbucks-2201-south-st-philadelphia/8291920; https://www.grubhub.com/restaurant/starbucks-69-73-w-chelten-ave-philadelphia/13861448; https://www.grubhub.com/restaurant/starbucks-4600-city-line-avenue-philadelphia/8402168","Philadelphia snippets showed $5.85+, $5.59+, and $5.45+; averaged."
Atlanta,GA,33.7490,-84.3880,12060,5.85,1,delivery_menu,Grubhub search snippet,https://www.grubhub.com/restaurant/starbucks-867-peachtree-st-ne-atlanta/11493648,"Atlanta delivery-menu snippet showed Caffè Latte at $5.85+."
Phoenix,AZ,33.4484,-112.0740,38060,5.52,2,delivery_menu,Grubhub search snippets,"https://www.grubhub.com/restaurant/starbucks-3135-w-peoria-ave-phoenix/10684416; https://www.grubhub.com/restaurant/starbucks-7150-w-roosevelt-st-phoenix/13862928","Phoenix snippets showed $5.45+ and $5.59+; averaged."
Denver,CO,39.7392,-104.9903,19740,5.45,1,delivery_menu,Grubhub search snippet,https://www.grubhub.com/restaurant/starbucks-4005-chambers-rd-denver/8396392,"Denver delivery-menu snippet showed Caffè Latte at $5.45+."
Portland,OR,45.5152,-122.6784,38900,5.65,1,delivery_menu,Grubhub search snippet,https://www.grubhub.com/restaurant/starbucks-7515-sw-barnes-rd-portland/8383560,"Portland delivery-menu snippet showed Caffè Latte at $5.65+."
Orlando,FL,28.5383,-81.3792,36740,5.45,1,delivery_menu,Grubhub search snippet,https://www.grubhub.com/restaurant/starbucks-5894-conroy-rd-orlando/11157504,"Orlando delivery-menu snippet showed Caffè Latte at $5.45+."
Tampa,FL,27.9506,-82.4572,45300,5.65,2,delivery_menu,Grubhub search snippets,"https://www.grubhub.com/restaurant/starbucks-3409-w-bay-to-bay-blvd-tampa/8376384; https://www.grubhub.com/restaurant/starbucks-1508-n-westshore-blvd-tampa/11116528","Tampa snippets showed $5.85+ and $5.45+; averaged."
Las Vegas,NV,36.1699,-115.1398,29820,5.45,1,delivery_menu,Grubhub search snippet,https://www.grubhub.com/restaurant/starbucks-3410-sunset-rd-las-vegas/11514000,"Las Vegas delivery-menu snippet showed Caffè Latte at $5.45+."
Nashville,TN,36.1627,-86.7816,34980,5.60,2,delivery_menu,Grubhub search snippets,"https://www.grubhub.com/restaurant/starbucks-402-21st-ave-s-nashville/8368920; https://www.grubhub.com/restaurant/starbucks-1101-gallatin-ave-nashville/11158560","Nashville snippets showed $5.75+ and $5.45+; averaged."
Charlotte,NC,35.2271,-80.8431,16740,5.85,1,delivery_menu,Grubhub search snippet,https://www.grubhub.com/restaurant/starbucks-4450-randolph-rd-charlotte/8306872,"Charlotte delivery-menu snippet showed Caffè Latte at $5.85+."
Columbus,OH,39.9612,-82.9988,18140,5.65,2,delivery_menu,Grubhub search snippets,"https://www.grubhub.com/restaurant/starbucks-1522-bradley-park-dr-columbus/11179816; https://www.grubhub.com/restaurant/starbucks-1784-n-high-st-columbus/8382944","Columbus snippets showed $5.45+ and $5.85+; averaged."
Minneapolis,MN,44.9778,-93.2650,33460,5.60,2,delivery_menu,Grubhub search snippets,"https://www.grubhub.com/restaurant/starbucks-5351-lyndale-ave-s-minneapolis/8385040; https://www.grubhub.com/restaurant/starbucks-5300-central-ave-ne-minneapolis/8287528","Minneapolis snippets showed $5.75+ and $5.45+; averaged."
Milwaukee,WI,43.0389,-87.9065,33340,5.45,1,delivery_menu,Grubhub search snippet,https://www.grubhub.com/restaurant/starbucks-2110-e-oklahoma-ave-milwaukee/8310256,"Milwaukee delivery-menu snippet showed Caffè Latte at $5.45+."
Salt Lake City,UT,40.7608,-111.8910,41620,5.45,1,delivery_menu,Grubhub search snippet,https://www.grubhub.com/restaurant/starbucks-224-w-600-s-salt-lake-city/8319112,"Salt Lake City delivery-menu snippet showed Caffè Latte at $5.45+."
San Antonio,TX,29.4241,-98.4936,41700,5.45,1,delivery_menu,Grubhub search snippet,https://www.grubhub.com/restaurant/starbucks-4739-medical-dr-san-antonio/8374400,"San Antonio delivery-menu snippet showed Caffè Latte at $5.45+."
Baltimore,MD,39.2904,-76.6122,12580,5.60,2,delivery_menu,Grubhub search snippets,"https://www.grubhub.com/restaurant/starbucks-4000-boston-st-baltimore/12861672; https://www.grubhub.com/restaurant/starbucks-3201-st-paul-st-baltimore/8421472","Baltimore snippets showed $5.45+ and $5.75+; averaged."
Honolulu,HI,21.3069,-157.8583,46520,6.35,2,delivery_menu,Grubhub search snippets,"https://www.grubhub.com/restaurant/starbucks-4211-waialae-ave-honolulu/11145384; https://www.grubhub.com/restaurant/starbucks-25-kaneohe-bay-dr-kailua/12332400","Honolulu-area snippets showed Caffè Latte at $6.35+."
Jefferson City,MO,38.5767,-92.1735,27620,5.45,1,delivery_menu,Grubhub search snippet,https://www.grubhub.com/restaurant/starbucks-3735-w-truman-blvd-jefferson-city/11493808,"Jefferson City delivery-menu snippet showed Caffè Latte at $5.45+."
